{"origin_val_acc": 0.3768, "ori_val_acc": 0.3768, "ori_pre_val_nll": 1.7434062957763672, "ori_pre_val_ece": 0.08063620328903198, "ori_test_acc": 0.3817, "ori_pre_test_ece": 0.0813380554318428, "ori_pre_test_adaece": 0.08122792840003967, "ori_pre_test_cece": 0.04348316416144371, "ori_pre_test_nll": 1.7301875352859497, "ori_T_opt": 1.4000000000000001, "ori_post_test_ece": 0.013179437257349491, "ori_post_test_adaece": 0.0210303645581007, "ori_post_test_cece": 0.0380011647939682, "ori_post_test_nll": 1.6866592168807983, "_timestamp": 1714305657.1271188, "_runtime": 48.33137273788452, "_step": 0, "_wandb": {"runtime": 75}}