{"origin_val_acc": 0.9522, "ori_val_acc": 0.9522, "ori_pre_val_nll": 0.3065248429775238, "ori_pre_val_ece": 0.03862562030553818, "ori_test_acc": 0.9486, "ori_pre_test_ece": 0.04257914796471596, "ori_pre_test_adaece": 0.042540520429611206, "ori_pre_test_cece": 0.008836294524371624, "ori_pre_test_nll": 0.35969141125679016, "ori_T_opt": 2.800000000000001, "ori_post_test_ece": 0.010529912076890469, "ori_post_test_adaece": 0.011972745880484581, "ori_post_test_cece": 0.0042071351781487465, "ori_post_test_nll": 0.17438951134681702, "_timestamp": 1714313362.2894442, "_runtime": 7127.701780319214, "_step": 199, "_wandb": {"runtime": 7124}}