{"origin_val_acc": 0.6474, "ori_val_acc": 0.6474, "ori_pre_val_nll": 1.2010483741760254, "ori_pre_val_ece": 0.1413891464471817, "ori_test_acc": 0.6453, "ori_pre_test_ece": 0.14297965168952942, "ori_pre_test_adaece": 0.1429593563079834, "ori_pre_test_cece": 0.042302004992961884, "ori_pre_test_nll": 1.1975185871124268, "ori_T_opt": 1.7000000000000004, "ori_post_test_ece": 0.021095771342515945, "ori_post_test_adaece": 0.022294260561466217, "ori_post_test_cece": 0.040058113634586334, "ori_post_test_nll": 1.0313224792480469, "_timestamp": 1714306040.5477433, "_runtime": 336.14908933639526, "_step": 8}